pais,tramo,vac_legales,unidad,vac_calendario,vac_laborables,feriados,trasladables,liturgicos,fijos,feriados_efectivos,jornada_h_sem,dias_lab_semana,horas_dia,suma_bruta,descanso_dias_laborables,horas_descanso_anio,horas_teoricas_anio,horas_trabajadas_anio,pct_anio_laboral_descanso,pct_vigilia_trabajando
Perú,1 año,30,calendario,30,25.7,16,0,2,14,14.0,48,6.0,8.0,46,39.7,317.6,2496,2178.4,12.7,37.3
Perú,5 años,30,calendario,30,25.7,16,0,2,14,14.0,48,6.0,8.0,46,39.7,317.6,2496,2178.4,12.7,37.3
Perú,10 años,30,calendario,30,25.7,16,0,2,14,14.0,48,6.0,8.0,46,39.7,317.6,2496,2178.4,12.7,37.3
Perú,20 años,30,calendario,30,25.7,16,0,2,14,14.0,48,6.0,8.0,46,39.7,317.6,2496,2178.4,12.7,37.3
Panamá,1 año,30,calendario,30,23.6,12,3,2,7,10.5,48,5.5,8.73,42,34.1,297.6,2496,2198.4,11.9,37.6
Panamá,5 años,30,calendario,30,23.6,12,3,2,7,10.5,48,5.5,8.73,42,34.1,297.6,2496,2198.4,11.9,37.6
Panamá,10 años,30,calendario,30,23.6,12,3,2,7,10.5,48,5.5,8.73,42,34.1,297.6,2496,2198.4,11.9,37.6
Panamá,20 años,30,calendario,30,23.6,12,3,2,7,10.5,48,5.5,8.73,42,34.1,297.6,2496,2198.4,11.9,37.6
Brasil,1 año,30,calendario,30,21.4,10,0,2,8,7.7,44,5.0,8.8,40,29.1,256.1,2288,2031.9,11.2,34.8
Brasil,5 años,30,calendario,30,21.4,10,0,2,8,7.7,44,5.0,8.8,40,29.1,256.1,2288,2031.9,11.2,34.8
Brasil,10 años,30,calendario,30,21.4,10,0,2,8,7.7,44,5.0,8.8,40,29.1,256.1,2288,2031.9,11.2,34.8
Brasil,20 años,30,calendario,30,21.4,10,0,2,8,7.7,44,5.0,8.8,40,29.1,256.1,2288,2031.9,11.2,34.8
Colombia,1 año,15,hábiles,21.0,15,18,12,2,4,16.9,42,5.0,8.4,33,31.9,268.0,2184,1916.0,12.3,32.8
Colombia,5 años,15,hábiles,21.0,15,18,12,2,4,16.9,42,5.0,8.4,33,31.9,268.0,2184,1916.0,12.3,32.8
Colombia,10 años,15,hábiles,21.0,15,18,12,2,4,16.9,42,5.0,8.4,33,31.9,268.0,2184,1916.0,12.3,32.8
Colombia,20 años,15,hábiles,21.0,15,18,12,2,4,16.9,42,5.0,8.4,33,31.9,268.0,2184,1916.0,12.3,32.8
Chile,1 año,15,hábiles,21.0,15,17,3,1,13,13.3,42,5.0,8.4,32,28.3,237.7,2184,1946.3,10.9,33.3
Chile,5 años,15,hábiles,21.0,15,17,3,1,13,13.3,42,5.0,8.4,32,28.3,237.7,2184,1946.3,10.9,33.3
Chile,10 años,15,hábiles,21.0,15,17,3,1,13,13.3,42,5.0,8.4,32,28.3,237.7,2184,1946.3,10.9,33.3
Chile,20 años,18,hábiles,25.2,18,17,3,1,13,13.3,42,5.0,8.4,35,31.3,262.9,2184,1921.1,12.0,32.9
Argentina,1 año,14,corridos,14,10.0,16,4,2,10,13.1,48,5.0,9.6,30,23.1,221.8,2496,2274.2,8.9,38.9
Argentina,5 años,21,corridos,21,15.0,16,4,2,10,13.1,48,5.0,9.6,37,28.1,269.8,2496,2226.2,10.8,38.1
Argentina,10 años,28,corridos,28,20.0,16,4,2,10,13.1,48,5.0,9.6,44,33.1,317.8,2496,2178.2,12.7,37.3
Argentina,20 años,35,corridos,35,25.0,16,4,2,10,13.1,48,5.0,9.6,51,38.1,365.8,2496,2130.2,14.7,36.5
Uruguay,1 año,20,hábiles,28.0,20,15,4,4,7,13.5,48,5.5,8.73,35,33.5,292.4,2496,2203.6,11.7,37.7
Uruguay,5 años,21,hábiles,29.4,21,15,4,4,7,13.5,48,5.5,8.73,36,34.5,301.1,2496,2194.9,12.1,37.6
Uruguay,10 años,22,hábiles,30.8,22,15,4,4,7,13.5,48,5.5,8.73,37,35.5,309.8,2496,2186.2,12.4,37.4
Uruguay,20 años,25,hábiles,35.0,25,15,4,4,7,13.5,48,5.5,8.73,40,38.5,336.0,2496,2160.0,13.5,37.0
Ecuador,1 año,15,calendario,15,10.7,12,5,3,4,10.9,40,5.0,8.0,27,21.6,172.8,2080,1907.2,8.3,32.7
Ecuador,5 años,15,calendario,15,10.7,12,5,3,4,10.9,40,5.0,8.0,27,21.6,172.8,2080,1907.2,8.3,32.7
Ecuador,10 años,20,calendario,20,14.3,12,5,3,4,10.9,40,5.0,8.0,32,25.2,201.6,2080,1878.4,9.7,32.2
Ecuador,20 años,30,calendario,30,21.4,12,5,3,4,10.9,40,5.0,8.0,42,32.3,258.4,2080,1821.6,12.4,31.2
Paraguay,1 año,12,hábiles,16.8,12,12,4,2,6,10.3,48,5.0,9.6,24,22.3,214.1,2496,2281.9,8.6,39.1
Paraguay,5 años,18,hábiles,25.2,18,12,4,2,6,10.3,48,5.0,9.6,30,28.3,271.7,2496,2224.3,10.9,38.1
Paraguay,10 años,30,hábiles,42.0,30,12,4,2,6,10.3,48,5.0,9.6,42,40.3,386.9,2496,2109.1,15.5,36.1
Paraguay,20 años,30,hábiles,42.0,30,12,4,2,6,10.3,48,5.0,9.6,42,40.3,386.9,2496,2109.1,15.5,36.1
Honduras,1 año,10,hábiles,14.0,10,11,0,2,9,9.1,44,5.5,8.0,21,19.1,152.8,2288,2135.2,6.7,36.6
Honduras,5 años,20,hábiles,28.0,20,11,0,2,9,9.1,44,5.5,8.0,31,29.1,232.8,2288,2055.2,10.2,35.2
Honduras,10 años,20,hábiles,28.0,20,11,0,2,9,9.1,44,5.5,8.0,31,29.1,232.8,2288,2055.2,10.2,35.2
Honduras,20 años,20,hábiles,28.0,20,11,0,2,9,9.1,44,5.5,8.0,31,29.1,232.8,2288,2055.2,10.2,35.2
México,1 año,12,hábiles,16.8,12,7,3,0,4,6.4,48,6.0,8.0,19,18.4,147.2,2496,2348.8,5.9,40.2
México,5 años,20,hábiles,28.0,20,7,3,0,4,6.4,48,6.0,8.0,27,26.4,211.2,2496,2284.8,8.5,39.1
México,10 años,22,hábiles,30.8,22,7,3,0,4,6.4,48,6.0,8.0,29,28.4,227.2,2496,2268.8,9.1,38.8
México,20 años,26,hábiles,36.4,26,7,3,0,4,6.4,48,6.0,8.0,33,32.4,259.2,2496,2236.8,10.4,38.3
